,city,latitude,longitude,Max_Temp,humidity,cloudness,wind speed,country,Date
0,punta arenas,-53.15,-70.9167,41.11,81,40,20.71,CL,1659350685
1,iqaluit,63.7506,-68.5145,47.93,87,75,2.3,CA,1659350685
2,yablonovo,50.8523,37.3574,79.95,39,42,12.24,RU,1659350685
3,bitung,1.4451,125.1824,81.45,81,49,3.62,ID,1659350685
4,carutapera,-1.195,-46.02,77.4,92,63,6.64,BR,1659350685
5,leningradskiy,69.3833,178.4167,41.85,81,35,7.94,RU,1659350685
6,puerto ayora,-0.7393,-90.3518,69.55,96,100,8.01,EC,1659350685
7,busselton,-33.65,115.3333,55.11,73,100,33.49,AU,1659350685
8,negombo,7.2083,79.8358,80.65,78,40,6.91,LK,1659350686
9,saldanha,-33.0117,17.9442,62.65,51,0,9.51,ZA,1659350686
10,ancud,-41.8697,-73.8203,40.23,80,100,1.79,CL,1659350686
11,mataura,-46.1927,168.8643,44.47,77,100,7.38,NZ,1659350686
12,kodiak,57.79,-152.4072,56.71,82,0,5.75,US,1659350686
13,khatanga,71.9667,102.5,49.84,60,100,7.4,RU,1659350686
14,ilulissat,69.2167,-51.1,53.62,40,20,11.5,GL,1659350686
15,yellowknife,62.456,-114.3525,50.56,100,20,3.44,CA,1659350686
16,codrington,-38.2667,141.9667,50.22,85,13,14.45,AU,1659350686
17,arraial do cabo,-22.9661,-42.0278,64.26,88,0,5.75,BR,1659350687
18,lasa,46.6166,10.7002,78.37,35,1,1.45,IT,1659350687
19,bredasdorp,-34.5322,20.0403,59.49,46,0,9.17,ZA,1659350687
20,te anau,-45.4167,167.7167,46.49,87,95,10.94,NZ,1659350687
21,ca mau,9.1769,105.15,81.88,81,100,5.17,VN,1659350687
22,maraa,-1.8333,-65.3667,71.74,95,89,1.95,BR,1659350687
23,bluff,-46.6,168.3333,44.8,74,99,18.43,NZ,1659350687
24,ribeira grande,38.5167,-28.7,75.6,78,20,3.44,PT,1659350687
25,rikitea,-23.1203,-134.9692,71.85,74,85,25.37,PF,1659350687
26,lompoc,34.6391,-120.4579,68.14,92,0,3.44,US,1659350687
27,new norfolk,-42.7826,147.0587,46.92,87,80,3.0,AU,1659350687
28,ushuaia,-54.8,-68.3,40.66,81,0,2.3,AR,1659350582
29,itoman,26.1247,127.6694,83.17,87,40,13.8,JP,1659350688
30,barrow,71.2906,-156.7887,33.8,90,23,9.08,US,1659350688
31,ambon,-3.6954,128.1814,77.14,94,75,3.44,ID,1659350688
32,lundazi,-12.2929,33.1782,80.31,26,2,10.4,ZM,1659350688
33,lorengau,-2.0226,147.2712,79.99,84,84,11.92,PG,1659350688
34,kavaratti,10.5669,72.642,77.32,87,100,29.46,IN,1659350688
35,tasiilaq,65.6145,-37.6368,42.96,63,0,1.81,GL,1659350688
36,azoyu,16.7167,-98.7333,72.19,96,100,4.79,MX,1659350688
37,krasnoarmeysk,51.0239,45.6969,79.3,44,35,9.66,RU,1659350688
38,airai,-8.9266,125.4092,60.85,92,99,2.91,TL,1659350688
39,hermanus,-34.4187,19.2345,59.81,50,0,8.48,ZA,1659350629
40,grootfontein,-19.5667,18.1167,74.77,16,0,8.05,NA,1659350688
41,axim,4.8699,-2.2405,75.96,75,100,12.06,GH,1659350689
42,gezing,47.9178,13.1299,80.15,52,20,12.66,AT,1659350689
43,vaini,-21.2,-175.2,75.36,100,40,5.75,TO,1659350689
44,preobrazheniye,42.9019,133.9064,68.77,98,100,5.26,RU,1659350689
45,kajaani,64.2273,27.7285,69.85,60,40,3.44,FI,1659350689
46,victoria,22.2855,114.1577,91.45,72,32,11.01,HK,1659350689
47,gigmoto,13.7796,124.39,81.3,85,99,7.74,PH,1659350689
48,norman wells,65.282,-126.8329,44.64,93,40,3.44,CA,1659350689
49,tuktoyaktuk,69.4541,-133.0374,44.71,90,100,9.95,CA,1659350689
50,jamestown,42.097,-79.2353,67.59,71,100,8.05,US,1659350689
51,bethel,41.3712,-73.414,68.85,96,100,0.0,US,1659350690
52,miranda,3.2499,-76.2281,60.93,89,100,3.31,CO,1659350690
53,westport,41.1415,-73.3579,69.84,94,100,4.61,US,1659350690
54,torbay,47.6666,-52.7314,68.58,78,20,14.97,CA,1659350690
55,jalu,29.0331,21.5482,97.79,21,0,10.56,LY,1659350690
56,pangkalanbuun,-2.6833,111.6167,76.86,92,100,1.9,ID,1659350690
57,port blair,11.6667,92.75,83.7,80,100,14.09,IN,1659350611
58,carnarvon,-24.8667,113.6333,68.07,88,100,18.41,AU,1659350690
59,pocone,-16.2567,-56.6228,68.88,39,14,2.82,BR,1659350690
60,laguna,38.421,-121.4238,72.18,70,0,8.05,US,1659350647
61,cidreira,-30.1811,-50.2056,54.09,87,2,5.41,BR,1659350690
62,tautira,-17.7333,-149.15,77.07,70,41,24.23,PF,1659350690
63,maltahohe,-24.8333,16.9833,63.14,24,86,22.97,NA,1659350690
64,clyde river,70.4692,-68.5914,37.63,93,100,12.66,CA,1659350691
65,nikolskoye,59.7035,30.7861,73.87,47,100,8.16,RU,1659350691
66,pevek,69.7008,170.3133,52.38,57,1,12.3,RU,1659350480
67,albany,42.6001,-73.9662,69.73,86,56,0.54,US,1659350691
68,campo maior,-4.8278,-42.1686,80.01,63,20,8.93,BR,1659350691
69,hasaki,35.7333,140.8333,86.4,79,55,12.77,JP,1659350691
70,palmer,42.1584,-72.3287,69.85,84,100,0.0,US,1659350691
71,bardiyah,31.7561,25.0865,87.12,55,0,17.16,LY,1659350691
72,fortuna,40.5982,-124.1573,59.94,91,100,3.44,US,1659350691
73,chicama,-7.8447,-79.1469,57.74,90,53,4.97,PE,1659350691
74,akyab,20.15,92.9,86.07,72,100,9.24,MM,1659350691
75,anchorage,61.2181,-149.9003,55.33,92,40,3.0,US,1659350643
76,ugoofaaru,5.6667,73.0,81.05,73,100,22.55,MV,1659350691
77,ponta do sol,32.6667,-17.1,83.01,67,3,4.23,PT,1659350692
78,aklavik,68.2191,-135.0107,44.17,85,94,8.84,CA,1659350692
79,lebu,-37.6167,-73.65,43.97,87,10,7.2,CL,1659350692
80,cruzeiro do sul,-29.5128,-51.9853,56.52,95,0,2.51,BR,1659350692
81,port alfred,-33.5906,26.891,62.19,61,0,3.0,ZA,1659350692
82,vao,-22.6667,167.4833,70.86,81,97,24.74,NC,1659350692
83,batagay,67.6333,134.6333,67.35,82,100,4.25,RU,1659350692
84,zempoala,19.45,-96.4167,71.91,93,80,4.52,MX,1659350692
85,ilmajoki,62.7333,22.5667,76.98,43,0,10.36,FI,1659350692
86,porto nacional,-10.7081,-48.4172,66.2,29,4,1.41,BR,1659350692
87,hithadhoo,-0.6,73.0833,81.27,70,61,16.04,MV,1659350692
88,panaba,21.2833,-88.2667,74.1,97,30,5.88,MX,1659350692
89,saint george,37.1041,-113.5841,79.63,68,40,7.0,US,1659350692
90,avarua,-21.2078,-159.775,73.45,88,40,14.97,CK,1659350693
91,paita,-5.0892,-81.1144,60.76,92,75,9.86,PE,1659350693
92,butaritari,3.0707,172.7902,81.52,79,61,13.24,KI,1659350693
93,thompson,55.7435,-97.8558,41.16,100,20,2.3,CA,1659350693
94,atuona,-9.8,-139.0333,76.57,77,13,11.83,PF,1659350693
95,chara,56.9064,118.2631,66.99,73,96,2.19,RU,1659350693
96,talnakh,69.4865,88.3972,51.21,46,5,24.43,RU,1659350693
97,halifax,44.6453,-63.5724,64.53,88,100,5.75,CA,1659350490
98,terra santa,-2.1042,-56.4869,73.56,95,74,2.84,BR,1659350693
99,qaanaaq,77.484,-69.3632,45.9,58,93,5.44,GL,1659350693
100,aasiaat,68.7098,-52.8699,36.97,94,82,2.24,GL,1659350694
101,sao filipe,14.8961,-24.4956,76.26,72,47,4.54,CV,1659350694
102,cape town,-33.9258,18.4232,63.12,52,0,10.36,ZA,1659350408
103,vila velha,-20.3297,-40.2925,69.75,90,100,2.3,BR,1659350694
104,kysyl-syr,63.8986,122.7617,73.72,77,74,4.68,RU,1659350694
105,dinguiraye,11.3,-10.7167,77.13,81,73,4.36,GN,1659350694
106,constitucion,-35.3333,-72.4167,46.78,88,100,6.67,CL,1659350694
107,lagoa,39.05,-27.9833,72.7,75,1,6.64,PT,1659350694
108,shingu,33.7333,135.9833,79.77,89,99,7.11,JP,1659350694
109,bom jesus,-9.0744,-44.3586,79.0,47,33,8.12,BR,1659350694
110,upernavik,72.7868,-56.1549,47.12,58,98,5.97,GL,1659350694
111,guiratinga,-16.3494,-53.7583,68.94,38,1,1.36,BR,1659350695
112,broome,42.2506,-75.833,67.01,85,0,1.99,US,1659350695
113,kalmunai,7.4167,81.8167,83.23,73,99,5.01,LK,1659350695
114,nouadhibou,20.931,-17.0347,78.78,73,2,11.5,MR,1659350695
115,mar del plata,-38.0023,-57.5575,49.87,93,100,2.3,AR,1659350568
116,caohai,26.8661,104.2841,66.2,84,93,5.66,CN,1659350695
117,morristown,36.214,-83.2949,73.45,81,100,9.22,US,1659350695
118,wenatchee,47.4235,-120.3103,86.38,34,0,9.22,US,1659350695
119,cherskiy,68.75,161.3,63.36,48,87,12.19,RU,1659350695
120,chokurdakh,70.6333,147.9167,64.58,93,100,10.8,RU,1659350695
121,porbandar,21.6422,69.6093,85.98,74,75,16.11,IN,1659350695
122,jardim,-21.4803,-56.1381,66.04,59,0,3.04,BR,1659350695
123,lebanon,36.2081,-86.2911,75.25,91,100,5.75,US,1659350695
124,soma,39.1855,27.6094,92.35,26,0,17.18,TR,1659350696
125,yamethin,20.4333,96.15,87.89,62,100,7.34,MM,1659350696
126,kyra,49.5776,111.9753,74.57,61,66,2.77,RU,1659350696
127,juneau,58.3019,-134.4197,58.84,98,100,4.61,US,1659350620
128,savannah bight,16.45,-85.85,81.18,79,60,17.09,HN,1659350696
129,chuy,-33.6971,-53.4616,51.33,91,47,2.91,UY,1659350696
130,cwmbran,51.6545,-3.0228,73.6,60,75,6.76,GB,1659350621
131,aubergenville,48.96,1.8547,77.56,56,95,6.2,FR,1659350696
132,sri aman,1.2376,111.4621,86.09,79,20,2.3,MY,1659350696
133,atar,20.5169,-13.0499,91.04,44,14,10.04,MR,1659350696
134,xuddur,4.1213,43.8894,90.41,31,13,23.69,SO,1659350696
135,dashitou,43.3067,128.5114,72.79,87,93,2.3,CN,1659350696
136,tshikapa,-6.4167,20.8,98.17,21,8,3.13,CD,1659350697
137,nome,64.5011,-165.4064,55.47,77,100,4.61,US,1659350697
138,brae,60.3964,-1.353,56.46,70,89,13.56,GB,1659350697
139,greenfield,42.9614,-88.0126,73.06,87,100,10.36,US,1659350697
140,hobart,-42.8794,147.3294,47.26,79,40,12.66,AU,1659350560
141,saskylakh,71.9167,114.0833,45.72,75,100,9.93,RU,1659350697
142,saint-francois,46.4154,3.9054,85.68,35,0,6.91,FR,1659350697
143,waipawa,-41.4122,175.5153,42.46,86,4,8.41,NZ,1659350697
144,poronaysk,49.2167,143.1167,57.72,91,98,11.59,RU,1659350697
145,catuday,16.2923,119.8062,77.47,89,100,10.8,PH,1659350697
146,flin flon,54.7682,-101.865,46.83,95,2,5.1,CA,1659350697
147,bacungan,9.9106,118.7022,80.15,83,100,2.75,PH,1659350698
148,sidi ali,36.0998,0.4206,85.86,50,0,11.83,DZ,1659350698
149,asfi,32.2994,-9.2372,86.63,48,50,16.89,MA,1659350698
150,kapaa,22.0752,-159.319,79.12,78,20,18.41,US,1659350698
151,kawalu,-7.3817,108.2082,74.73,88,40,3.69,ID,1659350698
152,hualmay,-11.0964,-77.6139,60.03,87,50,7.74,PE,1659350698
153,taseyevo,57.2169,94.8978,73.69,69,92,8.1,RU,1659350698
154,hamilton,39.1834,-84.5333,71.89,95,100,6.91,US,1659350698
155,sandwick,60.0,-1.25,57.02,77,20,11.5,GB,1659350698
156,moron,-34.6534,-58.6198,55.15,98,0,3.06,AR,1659350531
157,belmonte,-15.8631,-38.8828,74.37,78,17,3.47,BR,1659350699
158,otradnoye,59.7775,30.8181,74.03,46,100,7.52,RU,1659350699
159,ambulu,-8.345,113.6058,76.84,87,97,4.07,ID,1659350699
160,san lorenzo,-25.3333,-57.5333,59.94,82,0,5.01,PY,1659350699
161,yuncheng,35.0231,110.9928,87.37,49,0,11.01,CN,1659350699
162,tura,25.5198,90.2201,78.13,93,100,0.38,IN,1659350699
163,vicksburg,32.3526,-90.8779,74.93,97,0,4.61,US,1659350699
164,akdepe,42.0551,59.3788,87.89,17,19,10.13,TM,1659350699
165,sharjah,25.3573,55.4033,107.58,33,61,16.11,AE,1659350699
166,wanning,18.8003,110.3967,84.31,72,9,6.22,CN,1659350699
167,naze,28.3667,129.4833,81.52,84,71,12.33,JP,1659350699
168,husavik,66.0449,-17.3389,41.99,96,100,9.55,IS,1659350699
169,synya,65.3718,58.0387,79.45,28,9,5.03,RU,1659350699
170,prince rupert,54.3161,-130.3201,57.29,94,100,14.97,CA,1659350700
171,hilo,19.7297,-155.09,74.28,78,75,8.05,US,1659350490
172,georgetown,5.4112,100.3354,87.89,77,40,7.0,MY,1659350626
173,tuatapere,-46.1333,167.6833,48.36,80,94,8.48,NZ,1659350700
174,opuwo,-18.0607,13.84,68.7,17,17,14.47,NA,1659350700
175,evensk,61.95,159.2333,49.23,95,14,5.59,RU,1659350700
176,sorland,67.667,12.6934,51.66,84,100,19.64,NO,1659350700
177,japura,-0.3167,102.35,79.57,91,99,3.0,ID,1659350700
178,belyy yar,53.6039,91.3903,85.89,30,0,8.95,RU,1659350700
179,falkenberg,56.9055,12.4912,65.25,81,78,13.38,SE,1659350701
180,esperance,-33.8667,121.9,57.04,83,100,27.38,AU,1659350701
181,fowa,8.9167,6.4,77.74,83,100,3.96,NG,1659350701
182,tiksi,71.6872,128.8694,41.92,82,95,7.76,RU,1659350701
183,nanortalik,60.1432,-45.2371,46.99,86,100,3.15,GL,1659350701
184,mackenzie,55.2999,-123.1698,59.22,94,75,3.44,CA,1659350701
185,fukue,32.6881,128.8419,80.96,89,75,9.22,JP,1659350701
186,gazanjyk,39.2446,55.5154,97.54,25,0,5.55,TM,1659350701
187,paragominas,-2.9667,-47.4833,72.97,97,94,2.15,BR,1659350701
188,walvis bay,-22.9575,14.5053,60.1,61,93,12.37,NA,1659350702
189,quesnel,52.9999,-122.5029,61.3,88,75,2.3,CA,1659350702
190,bambous virieux,-20.3428,57.7575,73.65,73,75,17.27,MU,1659350702
191,rassvet,46.8333,40.75,97.38,32,10,4.03,RU,1659350702
192,katsuura,35.1333,140.3,81.34,87,82,15.57,JP,1659350702
193,ceres,37.5949,-120.9577,73.72,62,0,6.91,US,1659350703
194,andenes,69.3143,16.1194,57.18,88,20,10.36,NO,1659350703
195,deputatskiy,69.3,139.9,59.38,87,100,6.78,RU,1659350456
196,roald,62.5833,6.1333,59.16,63,75,6.91,NO,1659350705
197,severo-kurilsk,50.6789,156.125,52.32,87,15,5.14,RU,1659350705
198,sioux lookout,50.1001,-91.917,53.67,100,100,10.36,CA,1659350705
199,alappuzha,9.49,76.3264,79.0,85,100,7.29,IN,1659350705
200,lusambo,-4.9667,23.45,99.7,26,33,1.54,CD,1659350705
201,izmit,40.7669,29.9169,89.38,48,75,11.5,TR,1659350705
202,mount isa,-20.7333,139.5,65.97,34,0,5.75,AU,1659350705
203,bengkulu,-3.8004,102.2655,79.68,84,99,2.39,ID,1659350706
204,kasama,-10.2129,31.1808,81.73,22,0,6.93,ZM,1659350706
205,rawson,-43.3002,-65.1023,44.91,88,100,8.97,AR,1659350588
206,plettenberg bay,-34.0527,23.3716,59.25,50,0,7.63,ZA,1659350706
207,sistranda,63.7256,8.834,55.36,70,94,16.37,NO,1659350706
208,san cristobal,7.7669,-72.225,64.58,92,98,2.68,VE,1659350706
209,rorvik,64.8621,11.2373,51.78,93,75,4.61,NO,1659350706
210,baruun-urt,46.6806,113.2792,79.68,45,100,3.85,MN,1659350706
211,port elizabeth,-33.918,25.5701,62.89,51,0,5.01,ZA,1659350420
212,dobre miasto,53.9867,20.3975,73.63,40,50,8.23,PL,1659350707
213,edd,13.9297,41.6925,95.7,50,53,11.86,ER,1659350707
214,mercedes,-34.6515,-59.4307,41.79,89,0,4.23,AR,1659350707
215,elko,41.0002,-115.5012,69.82,48,85,5.99,US,1659350707
216,bathsheba,13.2167,-59.5167,83.01,89,40,21.85,BB,1659350707
217,dunedin,-45.8742,170.5036,49.8,67,100,1.01,NZ,1659350707
218,ayan,56.45,138.1667,56.44,94,100,14.61,RU,1659350707
219,raton,36.9034,-104.4391,57.54,93,0,4.61,US,1659350707
220,vanimo,-2.6741,141.3028,80.01,85,100,6.82,PG,1659350707
221,ploemeur,47.7333,-3.4333,68.83,77,100,8.05,FR,1659350496
222,namatanai,-3.6667,152.4333,80.26,81,78,11.36,PG,1659350708
223,bonthe,7.5264,-12.505,81.34,70,98,9.08,SL,1659350708
224,san policarpo,12.1791,125.5072,83.25,76,84,10.16,PH,1659350708
225,tutoia,-2.7619,-42.2744,77.9,86,37,11.88,BR,1659350708
226,nemuro,43.3236,145.575,57.67,86,100,10.27,JP,1659350708
227,port-gentil,-0.7193,8.7815,80.56,69,40,18.41,GA,1659350708
228,ovsyanka,55.9575,92.5519,74.37,81,92,6.82,RU,1659350708
229,haljala,59.4336,26.2614,59.25,81,100,11.9,EE,1659350709
230,boa vista,2.8197,-60.6733,76.98,83,75,4.61,BR,1659350709
231,guerrero negro,27.9769,-114.0611,71.1,77,70,6.76,MX,1659350709
232,souillac,-20.5167,57.5167,73.78,73,75,17.27,MU,1659350709
233,madang,-5.2246,145.7966,79.59,84,100,5.41,PG,1659350709
234,yunhe,34.0833,119.7167,81.82,81,32,4.36,CN,1659350709
235,san martin,-33.081,-68.4681,43.34,44,25,4.5,AR,1659350709
236,batagay-alyta,67.8006,130.4114,57.7,80,100,6.98,RU,1659350710
237,longkou,37.6508,120.3286,78.69,88,3,9.19,CN,1659350710
238,nhulunbuy,-12.2333,136.7667,77.61,83,75,9.22,AU,1659350710
239,rock sound,24.9,-76.2,82.76,73,22,16.55,BS,1659350710
240,kaitangata,-46.2817,169.8464,41.94,82,100,4.85,NZ,1659350710
241,sao gotardo,-19.3111,-46.0489,63.27,64,46,3.98,BR,1659350710
242,kununurra,-15.7667,128.7333,73.38,46,54,5.75,AU,1659350710
243,dikson,73.5069,80.5464,43.0,93,100,10.02,RU,1659350568
244,pozo colorado,-23.4923,-58.7972,67.75,54,99,3.58,PY,1659350710
245,castro,-24.7911,-50.0119,54.79,76,0,2.66,BR,1659350710
246,campoverde,-8.4753,-74.8058,74.41,81,93,0.96,PE,1659350711
247,mastic beach,40.7668,-72.8521,70.09,94,100,8.01,US,1659350711
248,ban dung,17.699,103.2596,87.12,99,64,6.22,TH,1659350711
249,chiredzi,-21.05,31.6667,77.36,36,7,12.26,ZW,1659350711
250,miracema do tocantins,-9.5618,-48.3967,78.37,37,5,2.53,BR,1659350711
251,keti bandar,24.1447,67.4497,84.6,78,100,21.79,PK,1659350711
252,asyut,27.181,31.1837,95.18,15,1,15.95,EG,1659350711
253,coahuayana,18.7333,-103.6833,76.69,87,99,3.29,MX,1659350712
254,bundaberg,-24.85,152.35,61.21,92,97,2.71,AU,1659350712
255,oranjemund,-28.55,16.4333,63.14,38,47,7.23,NA,1659350712
256,provideniya,64.3833,-173.3,48.88,75,98,4.25,RU,1659350712
257,luderitz,-26.6481,15.1594,58.39,68,55,16.78,NA,1659350712
258,east london,-33.0153,27.9116,63.54,39,0,3.44,ZA,1659350712
259,poum,-20.2333,164.0167,74.12,79,93,15.61,NC,1659350712
260,geraldton,-28.7667,114.6,66.61,72,75,23.02,AU,1659350712
261,mishan,45.55,131.8833,71.64,96,41,2.62,CN,1659350712
262,sitka,57.0531,-135.33,57.09,94,100,0.0,US,1659350713
263,dubuque,42.4833,-90.8668,68.76,88,0,9.22,US,1659350713
264,mahebourg,-20.4081,57.7,74.25,73,75,17.27,MU,1659350494
265,dhidhdhoo,6.8833,73.1,79.07,74,100,30.96,MV,1659350713
266,kruisfontein,-34.0033,24.7314,60.75,40,0,4.03,ZA,1659350713
267,la ciotat,43.1748,5.6045,97.61,48,0,5.82,FR,1659350713
268,canutama,-6.5339,-64.3831,75.22,73,97,1.23,BR,1659350713
269,kamaishi,39.2667,141.8833,73.44,98,98,6.13,JP,1659350713
270,marawi,7.9986,124.2928,70.07,94,100,0.63,PH,1659350713
271,general roca,-39.0333,-67.5833,45.21,64,96,2.46,AR,1659350714
272,stornoway,58.2093,-6.3865,60.04,69,40,16.11,GB,1659350714
273,bay city,43.5945,-83.8889,69.98,80,100,9.22,US,1659350714
274,aswan,24.0934,32.907,105.1,12,0,11.5,EG,1659350714
275,korla,41.7597,86.1469,93.54,21,41,14.05,CN,1659350714
276,longonjo,-12.9067,15.2533,81.97,21,26,7.05,AO,1659350714
277,yulara,-25.2406,130.9889,68.13,30,100,8.55,AU,1659350714
278,sakaiminato,35.55,133.2333,91.38,55,75,8.05,JP,1659350714
279,oksfjord,70.2396,22.3479,63.0,65,43,3.31,NO,1659350714
280,middlebury,44.0153,-73.1673,68.23,88,0,0.0,US,1659350714
281,esik,43.3552,77.4525,81.82,47,100,7.61,KZ,1659350715
282,itarema,-2.9248,-39.9167,78.78,75,7,16.69,BR,1659350715
283,egvekinot,66.3167,-179.1667,49.66,58,35,2.59,RU,1659350715
284,bambanglipuro,-7.95,110.2833,76.41,87,59,8.79,ID,1659350715
285,grand gaube,-20.0064,57.6608,73.8,70,62,8.99,MU,1659350715
286,port lincoln,-34.7333,135.8667,51.71,75,8,9.82,AU,1659350715
287,cayenne,4.9333,-52.3333,77.09,1,40,2.3,GF,1659350715
288,luanda,-8.8368,13.2343,73.4,73,75,8.05,AO,1659350712
289,pangody,65.85,74.4859,66.9,43,0,16.44,RU,1659350715
290,saint-philippe,-21.3585,55.7679,75.22,74,27,7.09,RE,1659350715
291,skjervoy,70.0311,20.9714,64.4,73,100,5.88,NO,1659350715
292,hasanabad,36.5465,61.0543,98.82,26,8,19.57,IR,1659350715
293,nouakchott,18.0858,-15.9785,85.93,71,3,9.31,MR,1659350716
294,aguimes,27.9054,-15.4461,75.83,69,20,31.07,ES,1659350704
295,rio gallegos,-51.6226,-69.2181,37.45,70,75,10.36,AR,1659350716
296,huinan,42.6225,126.2614,75.92,88,62,3.09,CN,1659350716
297,yar-sale,66.8333,70.8333,67.39,46,5,7.81,RU,1659350716
298,san jeronimo,-11.9472,-75.2829,42.71,87,14,0.85,PE,1659350716
299,nelson bay,-32.7167,152.15,57.0,85,1,3.0,AU,1659350716
300,inuvik,68.3499,-133.7218,49.06,93,75,8.05,CA,1659350716
301,petropavlovsk-kamchatskiy,53.0452,158.6483,54.19,82,75,2.24,RU,1659350478
302,biak,-0.9131,122.8766,75.92,88,82,4.32,ID,1659350716
303,acapulco,16.8634,-99.8901,78.62,78,40,8.05,MX,1659350716
304,biltine,14.5333,20.9167,76.53,72,92,14.25,TD,1659350716
305,pucallpa,-8.3791,-74.5539,71.73,90,80,1.86,PE,1659350659
306,agadez,19.75,10.25,99.66,24,15,4.72,NE,1659350717
307,firminopolis,-16.5819,-50.305,68.85,38,0,1.79,BR,1659350717
308,san patricio,28.017,-97.5169,85.84,79,4,5.61,US,1659350717
309,russas,-4.9403,-37.9758,78.21,69,46,10.25,BR,1659350717
310,basoko,1.2391,23.616,73.26,86,100,6.91,CD,1659350717
311,banyuwangi,-8.2325,114.3576,75.45,92,79,1.81,ID,1659350717
312,barra do garcas,-15.89,-52.2567,68.63,37,0,3.0,BR,1659350717
313,rocha,-34.4833,-54.3333,43.27,79,0,2.98,UY,1659350717
314,skoghall,59.3232,13.4655,70.36,60,20,8.05,SE,1659350580
315,basco,20.4487,121.9702,81.19,80,100,13.18,PH,1659350717
316,pisco,-13.7,-76.2167,59.05,88,100,4.61,PE,1659350717
317,san carlos de bariloche,-41.1456,-71.3082,30.24,93,40,2.3,AR,1659350448
318,la romana,18.4273,-68.9728,81.77,68,61,11.81,DO,1659350718
319,dongsheng,39.8161,109.9776,83.41,36,24,17.36,CN,1659350718
320,ixtapa,20.7,-105.2,75.22,92,100,3.06,MX,1659350718
321,longyearbyen,78.2186,15.6401,51.64,82,75,5.75,SJ,1659350718
322,ler,8.3018,30.1418,71.35,96,99,5.32,SS,1659350718
323,sao bento,-6.2833,-37.75,74.28,59,22,13.78,BR,1659350718
324,viedma,-40.8135,-62.9967,42.42,78,99,5.57,AR,1659350718
325,praia da vitoria,38.7333,-27.0667,75.76,83,20,5.21,PT,1659350718
326,requena,39.4883,-1.1004,89.8,32,2,6.62,ES,1659350719
327,saint pete beach,27.7253,-82.7412,82.0,77,20,14.97,US,1659350720
328,adrar,20.5022,-10.0711,92.12,38,97,16.69,MR,1659350720
329,nioki,-2.7167,17.6833,97.57,27,14,2.53,CD,1659350720
330,marsa matruh,31.3525,27.2453,86.2,70,20,16.11,EG,1659350720
331,vuktyl,63.8567,57.3094,76.89,33,96,9.1,RU,1659350720
332,vityazevo,44.9931,37.2719,86.43,62,75,17.9,RU,1659350482
333,pangnirtung,66.1451,-65.7125,49.12,79,89,2.84,CA,1659350720
334,arlit,18.7369,7.3853,96.84,33,8,14.56,NE,1659350721
335,imbituba,-28.24,-48.6703,56.86,77,2,6.11,BR,1659350721
336,nisia floresta,-6.0911,-35.2086,75.58,80,19,10.96,BR,1659350721
337,vardo,70.3705,31.1107,55.38,94,37,8.05,NO,1659350721
338,ketchikan,55.3422,-131.6461,59.47,82,100,4.61,US,1659350721
339,roma,43.2128,-75.4557,65.73,93,75,1.01,US,1659350611
340,qaqortoq,60.7167,-46.0333,47.68,87,100,6.58,GL,1659350721
341,ambunti,-4.2365,142.8448,77.97,85,97,3.24,PG,1659350722
342,mulege,26.8833,-111.9833,84.69,59,73,2.71,MX,1659350722
343,dawson creek,55.7666,-120.2362,56.84,94,0,3.44,CA,1659350722
344,the pas,53.8251,-101.2541,59.02,82,0,5.75,CA,1659350722
345,bata,1.8639,9.7658,81.77,64,100,11.41,GQ,1659350722
346,esso,55.9333,158.7,52.66,92,97,2.37,RU,1659350722
347,caravelas,-17.7125,-39.2481,72.73,86,13,7.2,BR,1659350722
348,copiapo,-27.3667,-70.3333,51.49,81,4,1.83,CL,1659350723
349,havoysund,70.9963,24.6622,61.03,73,27,5.23,NO,1659350723
350,puerto carreno,6.189,-67.4859,73.71,96,100,4.85,CO,1659350723
351,crestview,30.7621,-86.5705,83.28,73,0,0.0,US,1659350723
352,amargosa,-13.0303,-39.6047,69.1,80,99,6.11,BR,1659350723
353,galiakot,23.5167,74.0,89.51,54,75,15.14,IN,1659350723
354,bilibino,68.0546,166.4372,54.79,61,31,4.29,RU,1659350723
355,alto araguaia,-17.3147,-53.2153,66.06,42,0,1.88,BR,1659350723
356,bintulu,3.1667,113.0333,88.21,66,20,5.01,MY,1659350724
357,soyo,-6.1349,12.3689,75.0,69,99,8.08,AO,1659350724
358,lata,40.1629,-8.3327,99.03,20,0,4.7,PT,1659350724
359,beyneu,45.3167,55.2,94.44,20,73,4.21,KZ,1659350724
360,muros,42.7762,-9.0603,82.09,50,0,5.21,ES,1659350724
361,atbasar,51.8,68.3333,75.49,54,69,8.21,KZ,1659350724
362,angul,20.85,85.1,92.19,57,100,2.1,IN,1659350724
363,koungou,-12.7336,45.2042,82.11,69,20,10.36,YT,1659350724
364,anadyr,64.75,177.4833,41.5,87,0,4.47,RU,1659350722
365,novopokrovka,49.8425,36.5477,84.58,35,96,11.7,UA,1659350725
366,cabo san lucas,22.8909,-109.9124,84.51,73,97,10.07,MX,1659350725
367,makakilo city,21.3469,-158.0858,77.32,71,75,11.5,US,1659350725
368,nara,34.6851,135.8049,90.91,38,78,3.49,JP,1659350709
369,mingshui,36.7167,117.5,84.88,69,0,2.19,CN,1659350725
370,isangel,-19.55,169.2667,73.9,88,56,13.94,VU,1659350725
371,turkistan,43.0,68.0,94.59,18,0,8.3,KZ,1659350725
372,diego de almagro,-26.3667,-70.05,49.06,65,0,2.39,CL,1659350725
373,manta,-0.95,-80.7333,69.58,94,100,9.22,EC,1659350725
374,vadum,57.1179,9.857,65.98,63,3,18.41,DK,1659350725
375,mecca,21.4267,39.8261,99.46,20,100,10.45,SA,1659350687
376,haines junction,60.7522,-137.5108,48.15,93,99,2.3,CA,1659350725
377,washington,47.5001,-120.5015,81.0,39,15,5.66,US,1659350673
378,faanui,-16.4833,-151.75,78.62,68,90,25.7,PF,1659350726
379,trelew,-43.249,-65.3051,43.18,88,100,6.13,AR,1659350726
380,mount gambier,-37.8333,140.7667,48.69,95,55,8.52,AU,1659350726
381,beringovskiy,63.05,179.3167,49.48,66,78,3.6,RU,1659350726
382,rozkishne,48.5074,39.3004,92.48,24,87,7.47,UA,1659350726
383,yangjiang,21.85,111.9667,83.55,75,32,6.76,CN,1659350726
384,tambo,-14.8,-73.9167,31.78,41,1,3.87,PE,1659350726
385,ayorou,14.7308,0.9174,87.73,48,92,14.29,NE,1659350726
386,polunochnoye,60.8697,60.4153,73.06,34,92,5.91,RU,1659350726
387,cockburn town,21.4612,-71.1419,82.2,78,94,17.56,TC,1659350726
388,micheldorf,46.9222,14.4405,82.47,47,32,0.65,AT,1659350726
389,koumac,-20.5667,164.2833,71.67,82,99,3.74,NC,1659350727
390,sharanga,57.1775,46.5396,73.87,41,46,6.91,RU,1659350727
391,mayo,38.8876,-76.5119,74.17,91,100,3.44,US,1659350727
392,matamoros,25.5333,-103.25,69.31,56,10,1.79,MX,1659350727
393,atambua,-9.1061,124.8925,73.56,83,100,2.86,ID,1659350727
394,raudeberg,61.9875,5.1352,56.07,72,7,11.16,NO,1659350727
395,lulea,65.5842,22.1547,64.47,82,20,6.91,SE,1659350727
396,porto velho,-8.7619,-63.9039,71.65,94,69,0.0,BR,1659350728
397,reo,12.3167,-2.4667,78.64,74,100,8.46,BF,1659350728
398,osakarovka,50.565,72.5692,73.8,52,100,10.65,KZ,1659350728
399,avera,33.194,-82.5271,71.65,69,5,5.39,US,1659350728
400,hami,42.8,93.45,94.89,20,65,17.65,CN,1659350728
401,arman,59.7,150.1667,57.02,95,100,6.85,RU,1659350728
402,sakakah,29.9697,40.2064,107.17,7,5,6.46,SA,1659350728
403,gaya,24.7833,85.0,87.71,84,75,0.0,IN,1659350729
404,miquelon,47.0975,-56.3814,66.2,90,3,11.59,PM,1659350729
405,la ronge,55.1001,-105.2842,46.62,93,20,0.0,CA,1659350729
406,burla,21.5,83.8667,92.14,64,100,2.8,IN,1659350729
407,conceicao do araguaia,-8.2578,-49.2647,78.15,54,42,1.25,BR,1659350730
408,santiago,-33.4569,-70.6483,49.86,77,75,2.3,CL,1659350450
409,richards bay,-28.783,32.0377,64.45,64,100,3.74,ZA,1659350730
410,ghatal,22.6667,87.7167,90.64,55,100,5.64,IN,1659350730
411,fairbanks,64.8378,-147.7164,57.81,89,100,5.75,US,1659350514
412,sao joao da barra,-21.6403,-41.0511,66.29,81,4,5.37,BR,1659350730
413,maarianhamina,60.0973,19.9348,73.26,40,0,10.36,AX,1659350727
414,dalvik,65.9702,-18.5286,48.13,97,100,6.78,IS,1659350730
415,fort nelson,58.8053,-122.7002,58.59,94,75,2.3,CA,1659350730
416,sairang,23.8,92.6667,81.77,95,100,1.03,IN,1659350730
417,sibolga,1.7427,98.7792,80.24,89,100,3.85,ID,1659350730
418,kurilsk,45.2333,147.8833,52.2,87,99,9.91,RU,1659350730
419,labuhan,-6.8844,112.2051,81.57,74,97,8.86,ID,1659350731
420,naryan-mar,67.6713,53.087,76.41,38,90,17.45,RU,1659350731
421,filingue,14.3521,3.3168,89.46,49,45,16.55,NE,1659350731
422,blackfoot,43.1905,-112.345,69.06,28,15,3.67,US,1659350731
423,mulanje,-16.0316,35.5,76.41,49,3,11.86,MW,1659350731
424,liverpool,53.4106,-2.9779,72.28,62,40,9.22,GB,1659350731
425,kiruna,67.8557,20.2251,65.32,52,75,5.75,SE,1659350731
426,zapolyarnyy,69.4154,30.8136,61.88,64,93,5.68,RU,1659350731
427,dauriya,49.9333,116.8667,75.07,54,3,6.67,RU,1659350731
428,zhmerynka,49.037,28.112,71.02,61,99,8.68,UA,1659350731
429,pacific grove,36.6177,-121.9166,63.25,90,0,3.44,US,1659350731
430,bjorkelangen,59.8848,11.5694,67.39,83,84,4.38,NO,1659350731
431,mutis,6.2262,-77.4044,76.55,89,99,5.95,CO,1659350732
432,fort wellington,6.4,-57.6,78.53,87,100,6.17,GY,1659350732
433,port keats,-14.25,129.55,72.01,84,48,6.62,AU,1659350732
434,amiens,49.9,2.3,70.05,61,100,4.38,FR,1659350681
435,sitges,41.2351,1.8119,99.14,50,0,4.0,ES,1659350447
436,honiara,-9.4333,159.95,77.83,86,12,8.05,SB,1659350732
437,klaksvik,62.2266,-6.589,54.52,75,89,14.07,FO,1659350433
438,reserva,-24.6503,-50.8506,53.69,76,5,0.89,BR,1659350732
439,baraya,3.1533,-75.0531,69.46,72,58,3.09,CO,1659350732
440,chebenki,51.9337,55.7077,85.78,36,100,11.5,RU,1659350732
441,tahoua,14.8888,5.2692,84.18,61,40,18.41,NE,1659350733
442,hambantota,6.1241,81.1185,77.34,100,75,9.22,LK,1659350733
443,ilhabela,-23.7781,-45.3581,65.16,76,1,3.8,BR,1659350733
444,mutoko,-17.397,32.2268,72.84,21,0,12.37,ZW,1659350733
445,denpasar,-8.65,115.2167,80.26,88,40,12.66,ID,1659350733
446,nishihara,26.1842,127.7558,82.45,86,75,13.8,JP,1659350733
447,launceston,-41.45,147.1667,50.81,84,66,14.97,AU,1659350733
448,armizonskoye,55.9461,67.6736,69.42,68,96,11.12,RU,1659350733
449,awjilah,29.1081,21.2869,97.65,21,0,11.32,LY,1659350733
450,enshi,30.3,109.4833,81.61,78,42,4.63,CN,1659350733
451,mehamn,71.0357,27.8492,60.75,77,75,3.44,NO,1659350734
452,mahibadhoo,3.7833,72.9667,82.0,73,100,19.3,MV,1659350734
453,zhaozhou,45.6833,125.3167,81.36,72,81,6.33,CN,1659350734
454,lermontovka,47.1453,134.3383,71.83,96,55,5.84,RU,1659350734
455,alice springs,-23.7,133.8833,63.95,29,40,6.91,AU,1659350734
456,ostrovnoy,68.0531,39.5131,55.42,95,100,8.16,RU,1659350734
457,awbari,26.5921,12.7805,96.44,14,0,8.16,LY,1659350734
458,luwuk,-0.9516,122.7875,77.11,90,85,3.24,ID,1659350734
459,bogatyye saby,56.0102,50.4483,73.87,51,38,11.16,RU,1659350734
460,lagunas,-5.2269,-75.6753,70.02,97,46,0.85,PE,1659350734
461,saint anthony,45.0205,-93.218,68.25,83,100,17.27,US,1659350734
462,am timan,11.0297,20.2827,72.32,92,100,3.89,TD,1659350734
463,necochea,-38.5473,-58.7368,48.11,85,100,6.89,AR,1659350652
464,olafsvik,64.8945,-23.7142,51.04,68,37,8.08,IS,1659350734
465,uruzgan,32.8333,66.0,91.42,16,2,11.32,AF,1659350735
466,huarmey,-10.0681,-78.1522,60.67,90,49,7.58,PE,1659350735
467,borogontsy,62.6683,131.1683,74.57,70,98,5.03,RU,1659350735
468,okhotsk,59.3833,143.3,57.27,90,80,6.04,RU,1659350735
469,itaituba,-4.2761,-55.9836,74.53,89,99,1.81,BR,1659350735
470,nokaneng,-19.6667,22.2667,84.33,10,0,15.93,BW,1659350735
471,christchurch,-43.5333,172.6333,43.41,81,30,3.44,NZ,1659350735
472,amurzet,47.6967,131.0981,75.06,85,61,4.85,RU,1659350735
473,springfield,37.2153,-93.2982,71.92,94,0,6.91,US,1659350587
474,tual,-5.6667,132.75,79.47,85,91,19.08,ID,1659350735
475,riverbank,37.736,-120.9355,74.52,66,0,6.91,US,1659350735
476,bonavista,48.6499,-53.1147,62.74,78,2,11.7,CA,1659350596
477,stokmarknes,68.5646,14.9108,64.36,77,0,10.36,NO,1659350736
478,kenora,49.8167,-94.4337,54.57,94,40,4.61,CA,1659350736
479,dhekiajuli,26.7,92.5,79.48,86,100,8.72,IN,1659350736
480,boromo,11.75,-2.9333,74.82,87,100,8.81,BF,1659350736
481,umm kaddadah,13.6017,26.6876,83.68,52,98,9.84,SD,1659350736
482,manadhoo,5.7667,73.3833,81.73,72,100,24.05,MV,1659350736
483,beruwala,6.4788,79.9828,77.68,88,100,26.04,LK,1659350613
484,gambela,8.25,34.5833,75.72,83,100,5.12,ET,1659350736
485,saint simons,31.1352,-81.3901,80.64,82,0,8.05,US,1659350736
486,nhamunda,-2.1861,-56.7131,73.62,95,80,2.57,BR,1659350736
487,toora-khem,52.4675,96.11,65.97,67,96,5.48,RU,1659350736
488,pahrump,36.2083,-115.9839,75.25,87,100,1.01,US,1659350736
489,kavieng,-2.5744,150.7967,83.32,78,96,17.29,PG,1659350736
490,novoagansk,61.9449,76.6625,66.33,43,0,15.64,RU,1659350736
491,solhan,38.9634,41.0293,92.82,12,0,13.65,TR,1659350737
492,san cataldo,37.4841,13.9854,87.46,39,0,5.53,IT,1659350737
493,yatou,37.15,122.3833,78.19,95,53,5.99,CN,1659350737
494,yumen,40.2833,97.2,85.33,27,100,0.94,CN,1659350737
495,maldonado,-34.6667,-54.9167,36.79,81,0,3.49,UY,1659350737
496,srednekolymsk,67.45,153.6833,69.44,53,94,9.48,RU,1659350737
497,tezu,27.9167,96.1667,78.13,97,97,0.72,IN,1659350737
498,girua,-28.0283,-54.3497,51.1,75,0,3.31,BR,1659350737
499,zhigansk,66.7697,123.3711,56.98,82,96,17.36,RU,1659350737
500,nowa deba,50.4297,21.7508,71.83,35,91,9.26,PL,1659350737
501,bandarbeyla,9.4942,50.8122,88.14,51,19,29.82,SO,1659350737
502,maua,-23.6678,-46.4614,60.1,97,0,4.85,BR,1659350738
503,bajos de haina,18.4154,-70.0332,75.16,86,66,9.35,DO,1659350738
504,lazaro cardenas,17.9583,-102.2,77.92,85,98,2.93,MX,1659350738
505,glubczyce,50.2009,17.8286,78.82,54,100,3.4,PL,1659350738
506,plouzane,48.3833,-4.6167,66.38,82,100,5.75,FR,1659350738
507,eyl,7.9803,49.8164,89.28,47,52,26.35,SO,1659350738
508,garautha,25.5667,79.3,95.22,42,87,7.81,IN,1659350738
509,nador,35.174,-2.9287,87.87,62,20,6.91,MA,1659350738
510,yuanping,38.7153,112.7575,81.52,57,0,7.99,CN,1659350738
511,palmares do sul,-30.2578,-50.5097,53.02,87,1,4.14,BR,1659350738
512,monrovia,6.3005,-10.7969,74.97,85,100,8.08,LR,1659350738
513,kirakira,-10.4544,161.9205,79.12,85,24,8.46,SB,1659350739
514,hailar,49.2,119.7,78.06,46,42,4.7,CN,1659350739
515,hofn,64.2539,-15.2082,51.82,58,75,6.91,IS,1659350739
516,serra talhada,-7.9919,-38.2983,73.33,66,51,16.87,BR,1659350739
517,ambilobe,-13.2,49.05,88.97,32,16,1.61,MG,1659350739
518,thinadhoo,0.5333,72.9333,81.39,72,70,14.16,MV,1659350739
519,auki,-8.7676,160.7034,77.14,88,29,5.1,SB,1659350739
520,dudinka,69.4058,86.1778,51.62,45,6,20.6,RU,1659350739
521,palanga,55.9175,21.0686,69.82,73,0,6.91,LT,1659350740
522,riviere-au-renard,48.9957,-64.3971,64.69,80,23,1.36,CA,1659350740
523,svetlaya,46.5389,138.3297,63.03,98,100,5.75,RU,1659350740
524,ko samui,9.5357,99.9357,80.51,89,75,5.75,TH,1659350740
525,kahului,20.8947,-156.47,76.84,80,100,12.66,US,1659350740
526,kabanjahe,3.1001,98.4908,67.21,96,100,1.77,ID,1659350740
527,mus,39.0,41.75,89.64,9,0,16.26,TR,1659350579
528,ejea de los caballeros,42.1263,-1.1372,82.62,35,0,7.61,ES,1659350740
529,verkhnyaya inta,65.9811,60.3094,76.68,29,36,11.21,RU,1659350740
530,aykhal,66.0,111.5,53.83,80,99,15.66,RU,1659350596
531,ngunguru,-35.6167,174.5,49.68,79,42,4.68,NZ,1659350740
532,teknaf,20.8624,92.3058,85.3,75,100,6.71,BD,1659350741
533,maragogi,-9.0122,-35.2225,77.29,76,19,12.3,BR,1659350741
534,lalmohan,22.3384,90.7419,87.42,69,100,12.03,BD,1659350741
535,anuradhapura,8.3565,80.4173,79.25,85,99,14.81,LK,1659350664
536,wanaka,-44.7,169.15,41.16,97,100,8.59,NZ,1659350741
537,lavrentiya,65.5833,-171.0,44.02,90,100,5.55,RU,1659350741
538,coquimbo,-29.9533,-71.3436,51.53,93,100,4.61,CL,1659350663
539,lahaina,20.8783,-156.6825,76.8,90,9,9.08,US,1659350741
540,warangal,18.0,79.5833,85.96,70,100,6.51,IN,1659350741
541,saryozek,44.3583,77.9753,81.9,28,100,6.38,KZ,1659350741
542,comodoro rivadavia,-45.8667,-67.5,37.26,56,0,1.14,AR,1659350596
543,semirom,31.4167,51.5667,79.54,27,50,3.94,IR,1659350741
544,port-cartier,50.0334,-66.8654,62.74,85,82,3.98,CA,1659350741
545,hof,50.3167,11.9167,73.45,68,75,9.22,DE,1659350706
546,marataizes,-21.0433,-40.8244,66.9,78,0,3.27,BR,1659350742
547,zuwarah,32.9312,12.082,87.08,54,0,9.33,LY,1659350742
548,faya,18.3851,42.4509,75.31,60,76,10.47,SA,1659350742
